メンズ,シャツ,デニムシャツ,blue
メンズ,シャツ,デニムシャツ,light-blue
メンズ,シャツ,チェックシャツ,red
メンズ,シャツ,比翼仕立てシャツ,dark-blue
メンズ,シャツ,比翼仕立てシャツ,white
メンズ,シャツ,スリムフィットシャツ,dark-blue
メンズ,シャツ,スリムフィットシャツ,light-blue
メンズ,シャツ,スリムフィットシャツ,burgundy
メンズ,シャツ,半袖シャツ,burgundy
メンズ,シャツ,プリント半袖シャツ,brown
メンズ,シャツ,レギュラーシャツ,blue
メンズ,シャツ,チェックスリムフィットシャツ,black
メンズ,シャツ,ドット柄シャツ,white
メンズ,シャツ,リネンシャツ,light-blue
メンズ,シャツ,リネンシャツ,pink
メンズ,シャツ,ロールアップ袖レギュラーシャツ,light-blue
メンズ,Tシャツ,ポロシャツ,light-blue
メンズ,Tシャツ,ポロシャツ,pink
メンズ,Tシャツ,ポロシャツ,red
メンズ,Tシャツ,長袖Tシャツ,grey
メンズ,Tシャツ,七分袖Tシャツ,white
メンズ,Tシャツ,ダメージTシャツ,grey
メンズ,Tシャツ,切りっぱなしTシャツ,brown
メンズ,Tシャツ,VネックTシャツ,grey
メンズ,Tシャツ,VネックTシャツ,white
メンズ,Tシャツ,タンクトップ,pink
メンズ,Tシャツ,ベーシックTシャツ,grey
メンズ,Tシャツ,ベーシックTシャツ,burgundy
メンズ,Tシャツ,ベーシックTシャツ,white
メンズ,Tシャツ,ベーシックTシャツ,black
メンズ,ニット,ハイネックニット,black
メンズ,ニット,ボーダーセーター,brown
メンズ,ニット,ポケット付き長袖セーター,ecru
メンズ,ニット,セーター,grey
メンズ,ニット,長袖スウェット,mint
メンズ,ニット,長袖スウェット,light-blue
メンズ,ニット,長袖スウェット,pink
メンズ,ニット,長袖スウェット,orange
メンズ,ニット,パーカー,grey
メンズ,ニット,ジップハイネックニット,green
メンズ,ニット,長袖セーター,dark-blue
メンズ,ニット,長袖セーター,beige
メンズ,ジャケット・コート,スエードライダースジャケット,brown
メンズ,ジャケット・コート,フード付きジャケット,beige
メンズ,ジャケット・コート,フード付きアノラック,yellow
メンズ,ジャケット・コート,フード付きアノラック,white
メンズ,ジャケット・コート,デニムジャケット,light-blue
メンズ,ジャケット・コート,ウール混ショートコート,brown
メンズ,ジャケット・コート,フード付きダウンジャケット,dark-blue
メンズ,ジャケット・コート,フード付きダウンジャケット,blue
メンズ,ジャケット・コート,フード付きダウンジャケット,khaki
メンズ,ジャケット・コート,フード付きダウンジャケット,yellow
メンズ,ジャケット・コート,ウール混コート,beige
メンズ,ジャケット・コート,ライナー付きジャケット,black
レディース,スカート,フレアミディスカート,burgundy
レディース,スカート,インナー付きミディスカート,green
レディース,スカート,インナー付きミディスカート,blue
レディース,スカート,インナー付きミディスカート,grey
レディース,スカート,タイトスカート,orange
レディース,スカート,スエードAラインスカート,dark-blue
レディース,スカート,スエードAラインスカート,purple
レディース,スカート,レースアップレザースカート,black
レディース,スカート,フレアスカート,orange
レディース,スカート,スケータースカート,brown
レディース,スカート,スケータ―ミニスカート,white
レディース,スカート,花柄フレアスカート,light-blue
レディース,スカート,花柄フレアスカート,black
レディース,スカート,プリーツスカート,green
レディース,スカート,プリーツスカート,light-blue
レディース,スカート,プリーツスカート,pink
レディース,スカート,プリーツスカート,red
レディース,スカート,プリーツスカート,black
レディース,スカート,プリーツスカート,orange
レディース,ワンピース,花柄ラップワンピース,black
レディース,ワンピース,Vネック花柄マキシワンピース,pink
レディース,ワンピース,Vネック花柄マキシワンピース,white
レディース,ワンピース,Vネック花柄マキシワンピース,black
レディース,ワンピース,フレアワンピース,red
レディース,ワンピース,フレアワンピース,black
レディース,ワンピース,エレガントフレアワンピース,black
レディース,ワンピース,エレガントフレアワンピース,orange
レディース,ワンピース,長袖ニットワンピース,grey
レディース,ワンピース,長袖ニットワンピース,beige
レディース,ワンピース,長袖ニットワンピース,black
レディース,ワンピース,ストライプシャツワンピース,light-blue
レディース,ワンピース,ストライプシャツワンピース,grey
レディース,ワンピース,プリントワンピース,light-blue
レディース,ワンピース,プリントワンピース,pink
レディース,ワンピース,スリットスリーブプリントワンピース,light-blue
レディース,ワンピース,スリットスリーブプリントワンピース,grey
レディース,ワンピース,スリットスリーブプリントワンピース,black
レディース,ワンピース,ベルト付きワンピース,red
レディース,ワンピース,ベルト付きワンピース,burgundy
レディース,ワンピース,Vネック花柄ワンピース,light-blue
レディース,ワンピース,Vネック花柄ワンピース,grey
レディース,ワンピース,Vネック花柄ワンピース,black
レディース,ワンピース,フリルワンピース,beige
レディース,ワンピース,スリットマキシワンピース,red
レディース,シャツ・ブラウス,花柄カフス付きシアーシャツ,brown
レディース,シャツ・ブラウス,花柄カフス付きシアーシャツ,white
レディース,シャツ・ブラウス,ストライプシャツ,blue
レディース,シャツ・ブラウス,ストライプシャツ,red
レディース,シャツ・ブラウス,Vネックワイドシャツ,dark-blue
レディース,シャツ・ブラウス,Vネックワイドシャツ,white
レディース,シャツ・ブラウス,プリントラップブラウス,white
レディース,シャツ・ブラウス,プリーツスリーブVネックシャツ,orange
レディース,シャツ・ブラウス,コットンシャツ,light-blue
レディース,シャツ・ブラウス,ワイドフレアスリーブブラウス,pink
レディース,シャツ・ブラウス,チョーカー付きエレガントブラウス,mint
レディース,シャツ・ブラウス,チョーカー付きエレガントブラウス,pink
レディース,シャツ・ブラウス,チョーカー付きエレガントブラウス,white
レディース,シャツ・ブラウス,花柄シャツ,pink
レディース,シャツ・ブラウス,花柄シャツ,beige
レディース,シャツ・ブラウス,ポケット付きシアーシャツ,white
レディース,シャツ・ブラウス,Vネックシャツ,pink
レディース,シャツ・ブラウス,Vネックシャツ,white
レディース,シャツ・ブラウス,プリントシャツ,green
レディース,ニット,ワイドスリーブアシンメトリーニット,blue
レディース,ニット,ワイドスリーブアシンメトリーニット,grey
レディース,ニット,ワイドスリーブアシンメトリーニット,red
レディース,ニット,ワイドスリーブアシンメトリーニット,white
レディース,ニット,オーバーサイズニットセーター,red
レディース,ニット,オーバーサイズスウェットシャツ,brown
レディース,ニット,ハイネックニットセーター,blue
レディース,ニット,ハイネックニットセーター,pink
レディース,ニット,ハイネックニットセーター,white
レディース,ニット,Vネックニットセーター,blue
レディース,ニット,Vネックニットセーター,red
レディース,ニット,Vネックニットセーター,beige
レディース,ニット,長袖スウェット,mint
レディース,ニット,クロップドフィットニット,red
レディース,ニット,クロップドフィットニット,yellow
レディース,トップス・Tシャツ,リボン付きクロップドトップス,red
レディース,トップス・Tシャツ,プリントTシャツ,white
レディース,トップス・Tシャツ,キャミソールトップス,black
レディース,トップス・Tシャツ,プリーツスリーブTシャツ,beige
レディース,トップス・Tシャツ,プリーツスリーブTシャツ,white
レディース,トップス・Tシャツ,リボン付きキャミクロップドトップス,grey
レディース,トップス・Tシャツ,クロップドトップス,black
レディース,トップス・Tシャツ,フェイクポケット付きゆったりTシャツ,white
レディース,トップス・Tシャツ,ノースリーブゆったりトップス,white
レディース,トップス・Tシャツ,ベーシックゆったりTシャツ,green
レディース,トップス・Tシャツ,ベーシックゆったりTシャツ,blue
レディース,トップス・Tシャツ,ベーシックゆったりTシャツ,pink
レディース,トップス・Tシャツ,ベーシックゆったりTシャツ,red
レディース,トップス・Tシャツ,ベーシックゆったりTシャツ,white
レディース,トップス・Tシャツ,ベーシックゆったりTシャツ,orange
レディース,トップス・Tシャツ,ベーシックTシャツ,yellow
レディース,トップス・Tシャツ,ベーシックTシャツ,orange
レディース,ジャケット・コート,ポケット付きコート,pink
レディース,ジャケット・コート,ポケット付きコート,burgundy
レディース,ジャケット・コート,ポケット付きコート,black
レディース,ジャケット・コート,ベルト付きウール混ロングコート,dark-blue
レディース,ジャケット・コート,ベルト付きウール混ロングコート,beige
レディース,ジャケット・コート,アシンメトリーコート,white
レディース,ジャケット・コート,ベルト付きロングコート,beige
レディース,ジャケット・コート,ダウンジャケット,white
レディース,ジャケット・コート,ジップジャケット,blue
レディース,ジャケット・コート,ゆったりシルエットジャケット,light-blue
レディース,ジャケット・コート,ダブルブレストジャケット,white
レディース,ジャケット・コート,レザーライダースジャケット,black
レディース,ジャケット・コート,ベルト付きウール混コート,burgundy
レディース,ジャケット・コート,ベルト付きウール混コート,lila
レディース,ジャケット・コート,デニムフードジャケット,blue
レディース,ジャケット・コート,ボンバージャケット,khaki
スポーツウェア,トップス,スポーツブラ(ローサポート),grey
スポーツウェア,トップス,スポーツブラ(ローサポート),lila
スポーツウェア,トップス,長袖ヨガクロップドトップス,mint
スポーツウェア,トップス,長袖ヨガクロップドトップス,light-blue
スポーツウェア,トップス,長袖ヨガクロップドトップス,pink
スポーツウェア,トップス,バックラップオーバーサイズTシャツ,pink
スポーツウェア,トップス,長袖クロップドトップス,black
スポーツウェア,トップス,レースアップクロップドトップス,black
スポーツウェア,トップス,スポーツブラ(ミドルサポート),black
スポーツウェア,トップス,スポーツブラ,green
スポーツウェア,トップス,スポーツブラ,blue
スポーツウェア,トップス,スポーツブラ,burgundy
スポーツウェア,トップス,スポーツクロップドトップス,burgundy
スポーツウェア,スウェット,ランニングスウェット,light-blue
スポーツウェア,スウェット,軽量ランニングジャケット,grey
スポーツウェア,スウェット,オーバーサイズスウェット,pink
スポーツウェア,スウェット,スポーツウィンドブレーカー,blue
スポーツウェア,スウェット,スポーツベスト,purple
スポーツウェア,パンツ,光沢パンツ,light-blue
スポーツウェア,パンツ,光沢パンツ,grey
スポーツウェア,パンツ,光沢パンツ,black
スポーツウェア,パンツ,ショートパンツ,black
スポーツウェア,パンツ,ダメージプリントパンツ,black
スポーツウェア,パンツ,パンツ,black
スポーツウェア,パンツ,プリントパンツ,grey
スポーツウェア,パンツ,ポケット付きハイウエストパンツ,pink
スポーツウェア,パンツ,ポケット付きハイウエストパンツ,purple
スポーツウェア,パンツ,ハイウエストパンツ,blue
スポーツウェア,パンツ,ハイウエストパンツ,burgundy
